tweets;1.kisi;2.kisi;3.kisi;total
tello tello evlilik programlarina bile girnisevlilik evlilikprogrami halay tello hgsgüngör;0;0;0;0
anlama anlaþýlma anlamama yanlýþ anlama evlilikprogramý izdivaç kuþ kuþum;0;0;0;0
rtük’e þikayetler reyting rekortmeni dizilerden rtükeþikayetlerreytingrekortmenidizilerden radyovetelevizyonüstkurulu rtük rtükeençokþikayet þikayetdizi çukur telealýþveriþ realityshow evleneceksengel evlilikprogramý senanlatkaradeniz itvhaber;0;0;0;0
rtük bi?plemeye karþý çýktý rtük bip evlilikprogramý küfür kýyamet;0;0;0;0
dolar euro altýn beþiktaþ halkbank rýzazarrab rasimozankutahyali kýlýçdaroðlunesöyledi evlilikprogramý besiktasinmacivar ekonomi? dýþborç bütçe yürü be memleketim tutar seni;0;0;0;0
rtükten hande ataizinin evlilik programýna aðýr ceza ceza evlilikprogrami medya rtuk;0;0;0;0
rtükten hande ataizine aðýr ceza evlilikprogramý izdivaç handeataizi rtük ceza bursa;0;0;0;0
müzikonair erkan çelikzuhal topal kavgasý kýzýþtý utanacaksýn gtgt korhansayginer erkancelik27 zuhaltopal sedasayan kavga polemik magazin izdivaç evlilik evlilikprogramý izdivaçprogramý;0;0;0;0
evlilik programýnda gelin adayý escort çýktý evlilikprogramý escort birkankey fuhuþ;0;0;0;0
evlilik programýna katýlan damat adayý fuhuþ operasyonunda yakalandý evlilikprogramý;0;0;0;0
bugün milliyet caddemilliyet alice den izdivaç evlilikprogramý itiraf azeri nurlana…;0;0;0;0
zuhal topal esra erol toplumun hastalýklý yüzleridir evlilikprogrami iðrençliði artýk son bulsun;0;0;0;0
evlilikprogramý dizilerinehayýr;1;1;1;1
bugün alice volume 34 izdivaç evlilikprogramý rtük ilhanyerlikaya rtükbaþkaný sedaakgul…;0;0;0;0
evlilikprogramý nda kendini pazara çýkartýp zengin avlayamayýnca tesettür giyim reklamýnda oynayacak olmak baþörtülü bacýmýza yakýþtý;1;1;1;1
bugün alice 33 izdivaç evlilik ayrýlýk barýþtýrma tvprogram evlilikprogramý…;0;0;0;0
çin usulü evlilikprogramý reytingcanavarý sinakoloðlu milliyetcadde kologlusina;0;0;0;0
hacý bi ara evlilikprogramý adýndaki kadýn pazarlama programlarý kapatýlcaktý noldu iþ;1;1;1;1
sizce iyi evlilik programý hangisi evlenmemþart zuhaltopal esraerol sedasayan evlilikprogramý;0;0;0;0
adam evlilik programýnda otururken yaþlandý evlenmeye deðil vakit geçirmeye gelmiþevlilikprogramý;1;1;1;1
evlilikprogramý hani kaltýydý lan proðramlar;1;1;1;1
hani evlilikprogramý iþi rafa kalkmýþtý nedir yine mide bulandýrýcý haliyle;1;1;1;1
evlilikprogramý komisyonu kurulmuþ sinakoloðlunun notdefteri milliyetcadde;0;0;0;0
lan oðlun hani kaldýrýlmýþtý ahlaksýzlýklar ben mi yanlýþ hatýrlýyorum evlilikprogrami yasaklansýn;1;1;1;1
evlilikprogrami yeter artýk defolun gidin;1;1;1;1
evlilik programlarýndan flaþ karar 1 hafta yayýn yapmayacaklar evlilikprogrami uzakdurun pazartesi;0;0;0;0
evlilik programlarýndan flaþ karar ‘yayýn yapmayacaðýz’ pazartesi evlilikprogrami i?zdivaçprogramý uzakdurun;0;0;0;0
89 evlilik yapmis bir insanin evlilikprogrami sunmasini garipsemek gerekmezmi;1;1;1;1
tramvaydayim yanýmda bi amca varkulakliklari takmýþ evlilikprogrami izliyor canlý yayýnlarý bile kacirmiyorlar þaþkýným;1;1;1;1
evlilikprogrami programda evlenmeye gelen kiþilerin faný var anlamýyorum bence gerizekali;1;1;1;1
artýk evlilikprogrami larýna pijamayla çýkar katýlýmcýlar doðru saat 2300 insanýn kendini yalnýz hissettiði saat dilimi;0;0;0;0
esra erol resti çekti esraerol esraerolevlilikprogramý evlilikprogramý;0;0;0;0
evlilikprogramý ruturk kararýný verdi gece 24ve 05 arasý yayýn yapmasýna karar verdi güzel oldu;0;0;0;0
zuhal topaldan format deði?þi?kli?ði? zuhaltopalla evlilikprogramý yeniformat;0;0;0;0
durum birinci survivor 4 5 evlilikprogrami;0;0;0;0
hani halk isterse herþey olurdu devam ediyor evlilikprogrami;0;0;0;0
yalanhabermiþoysakicoksevinmistik evlilikprogrami;0;0;0;0
i?nsanlarýn aklýyla dalga geçmek doðru rezil programlar hani kaldýrýlmýþtý evlilikprogramý rezillik yasaklansýn;1;1;1;1
an itibariyle evlilik programlari ekranda evlilikprogrami;0;0;0;0
rtük baþkaný’ndan evlilikprogramý açýklamasý;0;0;0;0
retükten evli?li?k programlari açiklamasi retük evlilikprogramý evlilikprogramlarýkapatýlýyor program tv;0;0;0;0
sözde evli?li?k proðramlari kapatilmiþ miþ i?nþallahmi desek maþallahmi evlilikproðramý sondakika flaþ sonhaber güncelhaber;1;1;1;1
evli?li?k programi ri?ske gi?ri?nce sedasayan demetakalin evlilikprogramý sahneler;0;0;0;0
evlilikproðramý kapatýlýyor darýsý bugün giysem proðramýnýn baþýna;1;1;1;1
þükür sonunda resmi olarak evlilikprogrami yasaklandý rturk;1;1;1;1
aydým aydým evlilikprogramý adý altýndaki leþ programlar kaldýrýlmýþ ay güzel haber;1;1;1;1
ohal koþullarýyla tv evlilik programlarýnýn alâkasý varki khk yasaklanýyor evlilikprogramý seyretmemyanlýþ sakýncalýo ayrý;0;0;0;0
sonunda ohal iþe yaradý evlilikprogramý;0;0;0;0
toplumun ahlakýný bozan programlarýn kaldýrýlmasý emek veren herkese teþekkürler rtük yenikhk evlilikprogrami;1;1;1;1
i?nanýlmaz doðru evlilikprogramý;0;0;0;0
evlilikprogrami son zamanlarýn isabetli kararý;0;0;0;0
yeni khk esra erol evlilik programlarý kaldýrýlýyor i?þte diðer programlar khk evlilikprogramý izdivaç;0;0;0;0
solmaz kremini süremicek mi þimdi evlilikprogramý;1;1;1;1
evlilikprogramý adý altýnda aile yapýsýný zedeleyen görüntülere tanýk oluyorduk umarým medya sorumluluk bilinci hareket eder;0;0;0;0
güle güle evlilik programlarý güle güle sahte zayýflama ilaçlarý gýda takviye reklamlarý evlilikprogramý;1;1;1;1
tv8 gerizekalýnýn birinin aðladýðý programýda kapatýn tam olsun evlilikprogramý;1;1;1;1
i?yi haber eve gittiðimde tv tamamen bende evlilikprogramý;0;0;0;0
elektrði boþa harcmk yokbiþy hissetmdm saçmlk yayýla yayýla hissizleþmk vuku buldu kalplerinizde beee evlilikprogramý khk yaþasýn;1;1;1;1
evlilik programlarý kaldýrýldý insanlar þimdi evlenemiycikler evlilikprogramý;0;0;0;0
e madem evlilikprogramý yasaklanmýþ gelsin bilimsel sanatsal programlar yaný tabi insallah;0;0;0;0
caným sýkýldýkça evlilikprogramý izlerdim kaldýrýlmýþ seda sayana taziyelerimi iletiyorum;0;0;0;0
evlilikprogramý kapatýlmalý mi yakýþýklý güzel bir sürü insan gidiyor programlara saçmalýk bir sürü þehit haberi varken;1;1;1;1
evlilikprogramý ný kapatalým millet bizimle mi evlensin süleymandemirel;1;1;1;1
evlilikprogramý kaldirildiysa ohal görevini yerine getiriyor helal abii yürüyün tutar sizi türkiyenin baþka derdi yok zaten;1;1;1;1
evde kalanlarýn son umudu evlilikprogramý bitti þükür;1;1;1;1
olmasý gereken oldu fazla þaaapmayýn esraerol evlilikprogramý khk;0;0;0;0
þimdi çaya çýkacak die bekleþenlere çaylar þirketten evlilikprogramý;0;0;0;0
evlilikprogramý yasaklanmasý dogru bi karar destekliyoruz;0;0;0;0
evlilikprogramý i?sabet olmuþ;0;0;0;0
yasaklanarak kaldýrýlmasýna sevinmiyorumkeþke izlenme oraný düþüp kalksaydýbu ülke inancým katlanýrdý evlilikprogramý;0;0;0;0
bir nesill küçüklüðünden beri evlilikprogramý izlediisosyolojikk sonuçlarý farkedildi hamd olsun kaldýrýldýlar;0;0;0;0
bundan sonra elektrik almak isteyen tedasa gitsin evlilikprogramý;1;1;1;1
i?þþizliði yok et terörü bitir tecavüzcüleri yakalayýn sonra sýra evlendirme programýna gelsin esraeroladokunma evlilikprogramý;0;0;0;0
ledeyna6 ppotulice esraeroladokunma rezillik baþý aþmýþ güçleri evlilikprogramý namý yetti;1;1;1;1
evlilik programý olan düþünsün evlilikprogramý;0;0;0;0
artseksuel bir insan olarak evlilik programlarýna bakýþ açým kaçýþ açýmdýr nokta evlilikprogramý yeni khk;1;1;1;1
ceyhunyilmaz esraeroladokunma mantýkla kapatýlýr sýra evlilik programlarýna gelinceye dek neleri durdurmalarý gerekirken evlilikprogramý;0;0;0;0
artýk evime tv alabilirim evlilikprogramý;0;0;0;0
tamam brn karþýyým fetö mücadele çýkarýlan ohal uygulamasý olan khklarýn evlilikprogramý alakasý var;0;0;0;0
evli?li?k programlari yasaklandi ohal khk evlilikprogramý yasaklandý tv magazin evlilik resmigazete;0;0;0;0
evli?li?k programlari artik tari?h oldu pabucumun starý evlilikprogramý esraerol sedasayan televizyon ekran;1;1;1;1
evlilikprogramý evleneceksen gel deðil boþanacaksan gel geçikmelide olsa toplumu körerten programýn durdurulmasýný taktir ediyorum;1;1;1;1
flaþ beklenen oldu devlet evli?li?k programlarini yasakladi magazin duayeni evlilikprogramý yasak khk;0;0;0;0
hanýmlar artýk faydalý uðraþlar bulma zamaný geldi öðle vakti eglencelerine son evlilikprogrami yerindekhk;0;0;0;0
ahahahha evlilik programlari khk yasaklanmis bosluga dustum inan izdivac evlilikprogrami;0;0;0;0
sondaki?ka evli?li?k programlari yasaklandi 2 yeni? khk yayinlandi evlilikprogramlarý evlilikprogramý;0;0;0;0
oh be mükemmel bi? haber evlilikprogramý hatta lari yasaklanmýþ kurtulduk be þükür igrencliklerden;1;1;1;1
hala naz a gelebilen taliplere þaþmýyorsunuz huri?ye ye mi þaþýyorsunuz zuhaltopalla evlilik evlilikprogramý;1;1;1;1
zuhal topaldan sitem dolu açýklama evlilikprogramý izdivaç zuhaltopal;0;0;0;0
esra erol pes etti?m ben çamurla yaþayamam esraerol evli?li?kproðrami tv hayýrlýcumalar magazin dizi;1;1;1;1
evlilik programlarý kesin çözüm bulundu turmebtv evlilikprogramý;0;0;0;0
hanife öznur’a tepki gösterdi hanife öznur evlilikprogramý zuhatopal magazin magazinhaberleri haber haberler;0;0;0;0
evli?li?k programlari kapatilsin toplumumuzun âhlakýný bozan evlilik programlarýnýn kapatýlmasý lazým evet evlilikprogramý rterdogan;0;0;0;0
armaðan çaðlayandan evlilik programý yorumu armaðançaðlayan evlilikprogramý;0;0;0;0
akp mhpyi? i?zdi?vaç ayirdi mhp akparti evlilik i?zdivaç proðram televizyon maðazin evlilikproðramý;0;0;0;0
avgunu zuhaltopall allah kahretsin böyle programý orda þekilde konuþanlarý hainler evlilikprogramý izdivaç;1;1;1;1
bütün kanallarda evlilik programý yaa bide evlenseler iyi olacakk evlilikprogrami;1;1;1;1
bir yastýkta kocayalým 20 þubatta baþlýyor trt1 biryastýktakocayalým evlilikprogramý;0;0;0;0
hanife 2 senedir evlilikprogramý nda önce esra sonra zuhal çetelesini tutan varsa sölesin amaçlar baþka gelsin mangýrlar;1;1;1;1
böyle anilmak aðirima gi?di?yor erolesra izdivaç evlilikprogramý meclis diyanet tvdeevlilikrezaleti;0;0;0;0
esra erolda yeni bölümü þimdi atvde i?zlemek i?çi?n atv esraerol canlitv evlilikprogramý canliyayin;0;0;0;0
abi nedir evlilikprogramý daki kýzlar kendilerini bulunmaz kumaþý zannediyorlar herhalde;1;1;1;1
flashtvnin evlilikprogramý esnaflokantasý kývamýnda reytingcanavarý sinakoloðlu milliyetcadde kologlusina;1;1;1;1
foxtv handeataizi ni aldý haber var ben söyleyim iþ yaþ televizyon tv haber magazin dedikodu ünlüler evlilikprogramý;1;1;1;1
gözümsende göz6 evlilikprogramý ekiplerini adnan hoca ekibine dahil etmeliler böylece halk hepsini ayný potada rahatlýkla eritebilr;1;1;1;1
vaybe evlilikprogramý yayýnayan tv ler centilmenlikanlaþmasý haricindedevametsinlerbizii?lgilendirmez nedir;0;0;0;0
esraerol evlilikprogramý ný bitiriyor reytingcanavarý sinakoloðlu milliyetcadde kologlusina erolesra;0;0;0;0
taþ devrinde kadýnlarý pazarda satarlardý þimdi tv programlarýnda sergileniyorlar evlilikprogramý;1;1;1;1
evlilikprogramý kadýnlara hakarettir;0;0;0;0
zannedersem saatler evlendirme saati hangi kanalý açsan birbirinden rezil evlilikprogramý rtukonline akpartihesap;0;0;0;0
724 evlilikprogramý kusacam artýk topluma bi katkýnýz yok insanlýða hayrýnýz yok sayenizde millet aptala döndü bravo;1;1;1;1
yer evlilikprogramý kaynýyor bir yok bir rüzgarýnkalbi var güzel deðil beni sarmadý;1;1;1;1
evlilikprogramý sunan insanlarýn günlük 100bintl kazandýðý güzel ülkeme hayýrlý cumalar dilerim tv aptallaþtýrmamalý;0;0;0;0
evlilikprogramý izdivaç esraerol rtük ceza esra eroldan açýklama;0;0;0;0
kismetse olurla i?lgi?li? þok i?ddi?a ceyda eski? ni?þanlim kýsmetseolurtv kanald izdivaç evlilikprogramý magazin;0;0;0;0
19trkan evli?li?kprogrami sen övündüðün boþ özelliklerinle ahirete ayak uyduracaksýn eyy fani?i?i?;1;1;1;1
evli?li?kprogrami kadýn 60 yaþýna gelmiþ adayýna ben yüzmeyieðlenmeyioynamayý severim bana ayak uydurabilecekmisin soruyor;1;1;1;1
zuhal topaldaki selvi boylum al yazmalým filmi çabuk bitti i?zdivac evlilikprogramý;0;0;0;0
yaðmurda durup bir kahve içeyim dedimmanzara kahvede bile evlilikprogramý çoktan bitmiþizokeye dönüyoruz;0;0;0;0
sarmaþ dolaþ dans et çiçeði alýrken yüzüne bakma neyin kafasý evlilikprogramý;0;0;0;0
evlilikprogramý konuþulan bir ortamdayýmm allahýmm hallere düþtümm;0;0;0;0
evli?li?k programlari like kpop evlilikprogramý vine vineturkiye vineturkey firstvine vine comedy;0;0;0;0
caným kýsmetse olur izlemek çekti;0;0;0;0
hamburger yeme isteðimi kýsmetse olur adnan no father no repliðiyle iteliyorum bir yerden sonra çekiliyorum fkxklslf;0;0;0;0
evde oturup kýsmetse olur izlediðim dertsiz güzel 2016 kýþý;0;0;0;0
koko sen olur çalýþmaya devam et devran deðiþir azýndan benim 1800 tl emekli maaþýndan artýrýp ayda 1 maça gitme hesaplarý yapmýyorsun maça gideceðim hafta gün gelmez maçta baþladýðý biter sadece ayda 1 gün 15 saat oda kýsmetse;0;0;0;0
kýsmetse olur zorlamamak lazim;0;0;0;0
kismetse oluresra erolmüge anlý aklina gelirse bunlari kacirmadan izlemeye baslamiþsan ev hanimi olmuþsun demektr;1;1;1;1
kýsmetse olur bataðýna düþtüm keþke eroin kokain bataðýna düþseydim çabuk çýkardým akin bul beni? aslanim;1;1;1;1
çatlayinn emi? çi?fti?mi?z i?çi?n emeði?mi?zle söke söke kazandircaz hedi?yeleri? paralari kudurun hasetler;1;1;1;1
halkýmýz kýsmetse olur adlý programdan algý öfke kontrolü erdemlik kelimelerini öðrendi sonuncuyu yanlýþ öðrendi olsun biþe;1;1;1;1
dünden beri kýsmetse olur bitiyo esra erol açýyolar bitiyo survivor izliyolar inanamýyorum bunlara maruz kaldýðýma;1;1;1;1
bizi üzen þeyler oldu tabi mesela kýsmetse olur didemin eskort çýkmasý;1;1;1;1
kýsmetse olur gamze iþe yarýyor;1;1;1;1
sen evin premsesiysen bende bundan sonra ejdaryasýyým kýzým bkz kýsmetse olur yaðmur;0;0;0;0
kýsmetse olur evlendirmek dýþýnda bi iþi baþarýyla tamamlýyornekadar zirzop varsa eve doldurduðuna göre reytingler iyi deðil;1;1;1;1
kýsmetse olur izliyorum ben addid izlemek istiyorum kaç saattir ekranda þirret insanlarý gösteriyor yeterrr;1;1;1;1
dideme yükleniyorlar managggsaaa didemi kullanýp reyting peþindeler boktan program hala tv lerde;1;1;1;1
kýsmetse olur izliyorum iq bir anda 002 ye düþtü;1;1;1;1
kýsmetse olur onur kekosu sen iliþkine sahip çýktýnmý akýna akýl veriyorsun dönde bir ayna kendine bak mk sahte iliþkilerin adamý;1;1;1;1
kismetse olur nankorsunuz iki tane bile faný olmayan kiþileri addýd reyting tek izlenme sebebi yine þiddet;1;1;1;1
merhaba ben sizi televizyonda görüyorum kýsmetse olur evindesiniz bende sizi tanýmak sizle arkadaþ olmak takip ettim;0;0;0;0
arkadaþlar abdulhamit kurtlar vadisi diziler izlerken ben kýsmetse olur iþte benim stilim izliyorum þekerler;0;0;0;0
kýsmetse olur rezil insanlarý görmek istemiyoruz þiddetin türlüsüne hayýr;1;1;1;1
kýsmetse olur insan saðlýðýný tehdit ediyor resmen;1;1;1;1
erdi fatih bence çýksýnlar baþka bi yarýþmaya kýsmetse olur benim stilime falan girsinle;0;0;0;0
kýsmetse olur melis tedavi ol;1;1;1;1
didom dun fenalasmis hastanelik olmus insallah iyisindir didem yoksa kismetse olur ekibi dusunsun;0;0;0;0
kýsmetse olur bataklýðýna yeniden sürüklendim teþekkürler;1;1;1;1
ayça ekin beðen kýsmetse olur tuvaletinde beni zorla köþeye sýkýþtýrýp öptü;1;1;1;1
golü beðenmeyen gitsin kýsmetse olur falan izlesin;1;1;1;1
eser west manchester altyapýsýndan kýsmetse olura ordan survivora geçti an çýlgýn sedatla tartýþýyor kariyer aq;1;1;1;1
kýsmetse olur bile kadar ifþa edilmedi yazýklarým olsun;1;1;1;1
lan kýsmetse olur bitince ben didemi özlerim inþallah ekranlarda yine görürüz tekrar sunuculuða baþlasa güzel olu;0;0;0;0
kýsmetse olur la survivor birmi aq;1;1;1;1
müptezel eser weste cigara atsýn artýk sakatlanana beter olsun diyen yoksunluk krizi geçiren ruh hastasý eski kýsmetse olur;1;1;1;1
iýýyyyy eser sen pislik çýktýn be kýsmetse olura dön yaaalllah;1;1;1;1
eserin saçmalýklarý yetmedi mi terbiyesiz herif burasý survivor kýsmetse olur evi deðil;1;1;1;1
geçen sene sevgililer gününde ipekle evde kýsmetse olur seyrediyoduk nerden lan kdjsha;0;0;0;0
kotuluk edenler bin beterini yasasinlar gebersinler onay olmazsa kismetse olurda olmasin onay olursa olur;1;1;1;1
seni kaç senedir çekiyorum bi allah bilir bi kýsmetse olur adnan kfksksksks;1;1;1;1
bir açýklama yapsýn aycanin baþ fani bize bir açýklama yap neler oluyor onay durumda;0;0;0;0
kýsmetse olur bitti esra erola baþladýk devamý sonra;0;0;0;0
2 haftadýr sürekli esra erol kýsmetse olur izleyip hayvan yiyorum cidden kilo vermiþsem yeni diyet programým tavsiyem shfah;0;0;0;0
eski sevgilim kismetse olur izlerken snap atti insanlar uzerinde biraktigim aliskanliga bak aq;0;0;0;0
ben çalýþýrdým nazarageldim kismetse olur izleyip izdivaç programlarý ardýndan survivor la günü kapatýyorum;0;0;0;0
öpüþülüp koklaþýlýr açýn kýsmetse olur izleyin i?ðrenç co;1;1;1;1
ergen kardeþim yüzünden evde kýsmetse olur izliyorum abv böyle iþin böyle programýn kýzým senin okulun yok;1;1;1;1
kýsmetse olur bataðýna düþtüm kumar asla býrakamýyorum;1;1;1;1
gözleri kýsmetse olur farima fýldýr fýldýr kýzlara yar olursun inþ;1;1;1;1
gece gündüz drama isteyen evlilik programlarýndaki birilerini shiplesin bakýnýz kýsmetse olur didem adnan;1;1;1;1
kýsmetse olur sibel napýyorsun aþkým bakýyorsun aþkým görüyorsun aþkým dedikçe aþkýný ýzdýrabýný sikiyim diyip aðzýný götüne sokasým geliyo;1;1;1;1
allah askýna kýsmetse olur adnana bir yapýmcý dizisine alsýn rahatlasýn nassssýll kasýyor sýyrýlcam aralarýndan;1;1;1;1
olum kýsmetse olur kadar ilginç garip bir program böyle bunedir lan;1;1;1;1
kýsmetse olur kadar gereksiz bir program yok;1;1;1;1
kismetse olur evindekiler utanmadan burdaki sey gercek dedi;1;1;1;1
kýsmetse olur kemal bey sizden gerçekten hoþlanýyorum umarým fellak gözlü karýya bakmazsýnýz hoþsunuz beyefendiciðim maþallah;1;1;1;1
kýsmetse olur yeni gelin adayýný gördükçe boynuma aðrýlar giriyo jshsjjs;1;1;1;1
farkettim ben kýsmetse olur saçmalýðýna baya bi sinir oluyorum evi uçurasým var milleti nelerle oyalýyorlar;1;1;1;1
kýsmetse olur nedir hadi tamam böyle bi program var izliyorsunuz kadar gereksizsiniz yapacak bir þeyiniz yok;1;1;1;1
bugün ilginç birinden dm aldým kýsmetse olur semih beni nerden buldu mesaj attý anlamadým taþak geçip tabi ifþa edicem d;1;1;1;1
kýsmetse olur izliyorum açýk konuþcam kýzlarýn biriyle evlenmem hepsini anýrta anýrta sikerim aqmun orozbularý keyfim kaçtý;1;1;1;1
i?þsizlik kötü oturmuþ kýsmetse olur izliyorum aq;1;1;1;1
kýsmetse olur bir program var kýsmet olmuþ görünüyor tam olarak istiyorlar anlamadým;1;1;1;1
anasýný siktimin oyununu býrakýp kýsmetse olur izliyoruz aðlýyor orospunun içimin yaðlarý eridi aðla kudur orospu çocuðu;1;1;1;1
otobüsteyim yanýmdaki adam kýsmetse olur izliyo ulan bi bitmediniz diyip telefonla beynine beynine vurasým var yeter lan;1;1;1;1
offf düþünsene adam yüzüðünü kaybetmiþ survivorda gidip darlayamýyorsun kýsmetse olur cansel seni anlýyorum kýz kardeþim;0;0;0;0
eseri kýsmetse olur severdim survivor gýcýk aðzýna vurasým geliyo;1;1;1;1
umarým akþam konseyde geeeeerk geeerk baðýran esere 2 çift laf edersin fatihi ezikle kýsmetse olur eseri yücelt;1;1;1;1
hepiniz siktirin gidin bok bi hafta sonu geçiriyorum dünyanýn aq hatta newtonun bile aq kýsmetse olur aycanýn aq;1;1;1;1
kismetse olur adnan triplerini sikim senin kocum;1;1;1;1
arkadaþlar koltuða yapýþtým kýsmetse olur izliyorum iq seviyem 50 lerde;1;1;1;1
kýsmetse olur aptal program;1;1;1;1
gençliðim baharýnda kýsmetse olur faný oldum çýktým aq;1;1;1;1
lan sen etek giy kýsmetse olur izle kýz delisi yalakkkk;1;1;1;1
gün kýsmetse olur akþam survivor izleyerek zihinsel geliþimimi engelliyorum;1;1;1;1
kýsmetse olur izliyorum didemin kirpiðine takma kirpik siyah bi yelpaze takmýþlar 34 kere gözünü hýzlý kapatýp açsa kasýrga çýkarýr;1;1;1;1
kýsmetse olur yarýþmacýlarý özellikle adnan iðrenç oynuyor iðrenç yaa þaklaban;1;1;1;1
tankut hakkýnda kurabilceðim kadar cümle var kkskskdkd neyse direkt bomboþ bi insan bomboþþþ;1;1;1;1
lütfen bir allahýn kulu evleneceksen gelkýsmetse olur özellikle i?þte benim stilimde kýzlarý dövsün aðýzlarýna terlikle vursun;1;1;1;1
kari kavgalarýna girme diyen eserin karý kavgalarýnda basta kavga ettiði günleri gördük biliyoruz kýsmetse olur unutmadýk gö;1;1;1;1
kýsmetse olur olayýný duydunuz bilmiyorum gerçekten gün geçtikçe rezilleþiyoruz;1;1;1;1
biliyorsun ünal haddi bil sakalýna bakta konuþ;1;1;1;1
kismetse olur sozde evlilik progmi izleyenlerin pisikolijisini bozuyor yayindan kaldirlmasi uygundur;1;1;1;1
kýsmetse olurda önce onur sinirden yerinde zýpladý djdnfjkdkfsgscfdkfjdkd;0;0;0;0
kýsmetse olur aycan senden nefret ediyorum nefretttttt;1;1;1;1
kýsmetse olur izliyorum blogger ünal senin sakallarýný tek tek cýmbýzla alýrým baþýmý aðrýtýyosun;1;1;1;1
tv kismetse olurdiye bir program var soyle bir baktim insanlarin akliyla alay ediyorlar;1;1;1;1
kýsmetse olur baydýnýz;1;1;1;1
öðle aralarý cafe armonide kýsmetse olur izlemeyi özlediniz biliyorum;0;0;0;0
kýsmetse olurdan elense takibe alýyor içerde bulamadýklarý mutluluðu sosyal medyada arýyorlar;0;0;0;0
kýsmetse olur senaryosunu bize versinler reyting rekoru kýrar aq;1;1;1;1
kiz kardsim 3 sa kismetse olur izliyor yetmzmis 3 saatr kiz gozlrine aglmk degil gulmek yakisr diyr agzyla gulen gordunuz la hi;1;1;1;1
kismetse olur rabia bos anlamsýz sözünuz kaldý haluk bey;1;1;1;1
kýsmetse olur vb programlar kaldýrýlsýn devam ettiði sürece ülkedeki insanlar sapkýnlýktan hiçbir zaman kurtulamayacak;1;1;1;1
ygsden istediðim sonuc alamazsam kýsmetse olur evine girerim heralde;0;0;0;0
uyanýyorum önce kýsmetse olur biter bitmez zuhal topal sonra bulaþýklar iflah olmaz bir ev hanýmýyým;1;1;1;1
uzun zaman sonra kýsmetse olur i?þte benim stilime maruz kaldým bir acý insanlar bunlar;1;1;1;1
enterika evisiniz aha buyrun pizzadanda soðudum pehhhhh;1;1;1;1
sevgilim kafayý yedi bi an önce okullar açýlsýn kýsmetse olur faslý kapansýn yoksa ben kapatcam kendisini;1;1;1;1
kýsmetse olurdaki onuru dövesim geliyor lan hayat zaman sakin geçmek zorunda aq kavgasýz iliþki mi olur mal;1;1;1;1
tuðçe the yalaakkkk;1;1;1;1
