tweets;1.kisi;2.kisi;3. kisi;total
sevdiðim 3lü olabilirsin suadiye istanbul turkey;0;0;0;0
tabi önce topkapý okullarý;0;0;0;0
gün ýþýðý sen güzel þeysin uyuyalým uyanalým yine gelsin suadiye istanbul turkey;0;0;0;0
güneþli bir gün iyisi tabi;0;0;0;0
okuyunca þeyin iyisinden anladýðýný iddia eden infleuncer tayfasýnýn boþ insanlar olduðunu anlayacaksýnýz tavsiyem onlarý boþ vermeniz kendi zevkinize odaklanmanýz;1;1;1;1
tünydýn biraz geç kaldým günün yardýmcýlarý bir selam vereyim dedim;1;1;1;1
rt rebekahradice fuhsionmktg madalynsklar sabrinacadini albermoire;0;0;0;0
firma hangisi doðru tercih micro macro mega influencer via;0;0;0;0
günaydýn güneþ dolu rengarenk bir gün olsun suadiye istanbul turkey;0;0;0;0
hafta ortasý sen güzel þeysin öyle gel seveyim seni azýcýk suadiye istanbul turkey;0;0;0;0
once aldigim bir kararla twitter adimi influencerhandro yapip tweetimden sonra yazicamniye sordugunuzu duyar gibiyim cuz i can di dim tis;0;0;0;0
debina gurmeet sokaklarda;0;0;0;0
that thing youve been thinking about you should do it now yapmayý hedeflediðin var yap derim þimdi;0;0;0;0
jawline dedi ben doðuþtan soho house;0;0;0;0
pazar günü klasik bir rutin istanbul turkey;0;0;0;0
günydýn ýþýldayan bir ten makyajý bütün ihtiyacýmýz iþte burada;0;0;0;0
rt rebekahradice elenacsalazar madalynsklar yes;0;0;0;0
açsýn çiçekler yeþersin kýrlar gelsin bahar ravouna 1906;0;0;0;0
haftasonu geldi deðilmi kimler hazýr;0;0;0;0
max mara henüz soðuklar devam ederken details;0;0;0;0
günün stili details;0;0;0;0
günaydýn herkese details;0;0;0;0
sevgili teþekkürler kitabýnýzýn okuyaný olsun;0;0;0;0
kendi kitabým çýksa kadar sevinebilirdim olur kitabýný yazdýlar baskýsý bol olsun konuyu bilmeyen öðrenmek isteyen okusun öðrensin;0;0;0;0
arada böyle makyaj videolarý ister misiniz bence videonun yýldýzý loreal paradise mascara sizce;0;0;0;0
simpleturkiye vital vitamin serisi spf 15 içeriði vazgeçilmezim oldu parfüm alkol kimyasal içermiyor neme doyuruyor detaylar yakýnda blogda;0;0;0;0
günaydýn bahara kaldý suadiye istanbul turkey;0;0;0;0
3 martta pelin olgunla;0;0;0;0
yerlerde þýmarmak serbestmiþ emilia cafe;0;0;0;0
mutluluðun kesinlikle kahvaltý baðlantýsý vargünaydýýýn details;0;0;0;0
çantalar artýk konumda kullanýlýyoriþte son trend çantalar fendi imzasý details;0;0;0;0
oscar la renta ilkbahar sezonu hazýrladýðý aksesuarlarý göze hitap ediyor details;0;0;0;0
brunello cucinelli klasiklerden uzak zevkli bir kýþ kombini hazýrlamýþ ayrýca beyaz çizmeler botlar moda yýl;0;0;0;0
dijital çaðýn mesleði influencer olunur;0;0;0;0
influencer olunmaz doðulur;0;0;0;0
last din yarýn gurmeetin doðum günü;0;0;0;0
flormarýn güzel sevdiðim oje serilerinden duochrome 04 numara keþke seri kalkmasaydý deðil mi;0;0;0;0
günaydýn arada görünen güneþ sizi yanýltmasýnkar kapýdaymýþ details;0;0;0;0
acil gelen telefon duþa girmeye vaktim olmadýðýný anlayýnca saçlarýmý hýzlýca toparlamama yardým ettiði loreal görünmez kuru þampuan ben;0;0;0;0
son zamanlarda elimden düþmeyen nin likit farý inanýlmaz güzellikte rengi neptune;0;0;0;0
denim gurl;0;0;0;0
kurucusu engin dikmen dünya genelinde listesinde;0;0;0;0
bir kase dolusu marakozmetik aþký sevdiðim ojelerim suadiye istanbul turkey;0;0;0;0
istediðini söyleyen istemediðini iþitir date patisserie;0;0;0;0
organiqueturkiye nin kutularý böyle þýk olduðu kimler açmadan izliyor hafta yeni ürünler denemeye baþlýyorum;0;0;0;0
yaaa sen bir kraliçesin elizabeth suadiye istanbul turkey;0;0;0;0
382 red for me gördüðünüz yerde kapýn kalp suadiye;0;0;0;0
hangi çifti cok özlediniz tabiki maangeet;0;0;0;0
türkiyede by creator;0;0;0;0
tip;0;0;0;0
günaydýn essence_cosmetics makyajýmýn olmazsa olmaz 3lüsü teþekkür ederim;0;0;0;0
yazýmda bahsettiðim markalar doðru kararlar alýrsa ajans tarafýndan doðru þekilde seçilip yönetilirse sizin duruma karþý çýkan tüketicileri zamanla kazanabiliriz;0;0;0;0
hey sen yoksa gelir elde ediyorsun düzenlediðin faturada kdv olacak olmayacak merak ediyorsun öyle mi buraya buyur kardeþim üstadým görüþe katýlýr mýsýnýz;0;0;0;0
skfjskdns couldve been an;0;0;0;0
düðün töreninden;0;0;0;0
hic buyumedim ben;0;0;0;0
profilime yazmadým mi;0;0;0;0
günlerde bir dinleyici kitlesinden deðerli bir yok joel robinson;0;0;0;0
chanel ýþýltýlý bir koleksiyonla kýþ sezonuna damga vurdu details;0;0;0;0
günydýn yoksa indirim mi varmýþ iþte sevdiklerim;0;0;0;0
gene müthiþ bir reklam kampanyasý baþlatmýþ severek giydiðim diesel reklam kampanyasý karþýlaþtýrmasýný keyifli bir biçimde yapmýþ 7;0;0;0;0
kategorisine yeni bir yazý eklendi merak edenleri bloga beklerim;0;0;0;0
blogda geçen pazar biraz bahsettiðim alýþveriþ yazýsý var hemen sizi bloða alayým;0;0;0;0
mevzu atlýkarýnca deðil dönen dolaplar vakko;0;0;0;0
fendiden ilkbaharyaz esintisi details;0;0;0;0
youtuber olmak psikolojik sorunlara yol açýyor iþte detaylar;0;0;0;0
günaydýn kýþ bakýmý deyince aklýma maske geliyor favorim oldu kendisi detaylarý blogda;0;0;0;0
sýcacýk bir günaydýn details;0;0;0;0
azrbaycanda dostlarýmla salamlayýram sizin yazdýðým saxta v yayýnda ümid edirm yazýma sizin üçün faydalýdýr fayda arzulayýram;0;0;0;0
sanýrým sevdiðim renk havana kadikoy sahilde;0;0;0;0
gratistr sevgililer günü indiriminde nýn ürünlerine bakmayý unutmayýn;0;0;0;0
kaslar boþa deðil;0;0;0;0
dexterchoudhary sabah þirinliði;0;0;0;0
sabah þirinliði;0;0;0;0
günaydýngüzel bir gün olsun details;0;0;0;0
renge resmen aþerdim akþam koþa koþa eve gelip buldum sürdüm olmuþ;0;0;0;0
aydýnlatýcý paleti makyaj çantamýn kýsa sürede incisi olur zaman glow like a star;0;0;0;0
ayný gökyüzü altýnda ahahah þaka þaka yanlýþlýkla influencer fotoðrafý çekmiþim telefonumla;0;0;0;0
gurmeet debinanýn paris maceralarý debinadecodes youtube kanalýnda;0;0;0;0
günün detaylarý sevdiklerim bir arada;0;0;0;0
bir gönderiyi asla beðeni sayýsýna göre deðerlendirmeyin sorva jain;0;0;0;0
influencerlar insanlarýn davranýþlarýný düþüncelerini fikirlerini etkiliyor deðiþtirebiliyor tercihlerine büyük katký;0;0;0;0
iki bir arada by;0;0;0;0
güneþi görünce ben ravouna 1906;0;0;0;0
yemek zamaný;0;0;0;0
instagram reklamini yapayim dayi 20k organik takipci;0;0;0;0
3290 mesajýnýzý fazla insana ulaþtýrmak farklý araçlarý kullanmaya gayret edin;0;0;0;0
twitter partneri annalect yaptýðý araþtýrmaya göre markalarýn twitterdaki pazarlama stratejilerine influencerlar katýldýðýnda tüketicilerin 52 kat fazla satýn alma niyeti gösterdiðini tespit etti;0;0;0;0
3290 mesajýnýzý fazla insana ulaþtýrmak farklý araçlarý kullanmaya gayret edin akit tv at akit tv;0;0;0;0
haftasonuna geldik sonunda peki neler planlýyorsunuz anlatsanýza biraz istanbul province;0;0;0;0
merhaba influencer kelimesini sindirdik peki virtual influencer hakkýnda bir bilginiz var detaylar linkte;0;0;0;0
kazaklar el örgüsü olanlar cazipiþte bir kaç model;1;1;1;1
haberim yokmuþ çek;0;0;0;0
yýlýn son ayý uðurlu gelsin hýzlý makyaj hit parçalarým suadiye istanbul turkey;0;0;0;0
sezonun çantalarý þýk details;0;0;0;0
sokak stilimiz details;0;0;0;0
renkli bir gün olsun üst sýra nyxcosmetics_turkiye farlarým kýymetli suadiye istanbul turkey;1;1;1;1
mrtkarahan yerini aldý þimdi sýra sizde sosyal hesaplarýn reklam yayýncýsý ol kazanmaya baþla influencer marketing türkiye;0;0;0;0
yaþamak nedeni olan herkes türlü nasýla katlanýr demiþ nietzche;0;0;0;0
uzun zamandýr unuttuðum ojelerden moss;0;0;0;0
duamýz belli duyanýmýz belli huzurlu bereketli bir hafta olsun selimiye mosque;0;0;0;0
sosyal medya fenomenlerinin aylýk geliri 20 bin tlye kadar çýkabiliyor;0;0;0;0
sen güzelsin hemde maþallah sana kelebeðim;1;0;1;1
sevdiðim ikili fit me fondöten nascita_tr ortasý oyuk fondöten fýrçasý suadiye;0;0;0;0
benimle gel yolu biliyorum;0;0;0;0
yazýn son haftasý olduðu memnun olanlarý görelim sevdiklerimle bugün seçtiklerim gelsin zaman;0;0;0;0
buraya bir adet güzellik býrakalým gözümüz gönlümüz açýlsýn mutlu musmutlu haftalar kelebeðim güzel gözlüm can parem;1;0;1;1
zaraturkiye çocuk reyonundan giyinen kaç kiþiyiz suadiye istanbul turkey;0;0;0;0
youtube hangi tip videolarý izlemeyi seviyorsunuz istanbul turkey;0;0;0;0
mis bir günaydin olsun evde arabada sevdiðim koku tabi chakratr ye ait özellikle powder pleasure a bakýn derim;0;0;0;0
